{"cameraMode":{"drawMode":0,"name":"Shaded","section":"Shading Mode"},"sceneLighting":false,"audioPlay":false,"sceneViewState":{"showFog":true,"showMaterialUpdate":false,"showSkybox":false,"showFlares":true,"showImageEffects":true,"showParticleSystems":true},"in2DMode":false,"pivot":{"x":1.1824266910552979,"y":-0.36191701889038088,"z":0.10417720675468445},"rotation":{"x":-0.45826342701911929,"y":0.029394488781690599,"z":-0.015205086208879948,"w":-0.8882351517677307},"size":6.389513969421387,"orthographic":false}