{"cameraMode":{"drawMode":0,"name":"Shaded","section":"Shading Mode"},"sceneLighting":true,"audioPlay":false,"sceneViewState":{"showFog":true,"showMaterialUpdate":false,"showSkybox":true,"showFlares":true,"showImageEffects":true,"showParticleSystems":true},"in2DMode":false,"pivot":{"x":1.9986572265625,"y":6.040936470031738,"z":-2.1970551013946535},"rotation":{"x":-0.40026578307151797,"y":-0.008170672692358494,"z":0.0035311542451381685,"w":-0.9163946509361267},"size":15.031890869140625,"orthographic":false}